Nombre,Tipo,Estacion,Eficiencia_energetica,Capacidad_frenado_suelo_mojado,Ruido_ambiental_dB,Ruido_ambiental_ondas,Ancho,Perfil,Estructura,Diametro_Interior,Índice de Carga,Índice de Velocidad
Energy E-V,Electricos y compactos,Verano,A,A,70,2,195,55,R,16,91,Q
Energy E-V,Electricos y compactos,Verano,A,A,70,2,185,65,R,15,88,Q
Energy Saver+,Electricos y compactos,Verano,B,B,68,2,205,55,R,16,91,W
Energy Saver+,Electricos y compactos,Verano,B,B,68,2,205,55,R,16,91,V
Energy Saver+,Electricos y compactos,Verano,B,B,68,2,205,55,R,16,94,H
Energy Saver+,Electricos y compactos,Verano,B,B,68,2,205,60,R,16,96,V
Energy Saver+,Electricos y compactos,Verano,B,B,68,2,205,60,R,16,92,W
Energy Saver+,Electricos y compactos,Verano,B,B,68,2,205,60,R,16,92,H
Energy Saver+,Electricos y compactos,Verano,B,B,68,2,205,65,R,16,95,V
Energy Saver+,Electricos y compactos,Verano,B,B,68,2,195,50,R,15,82,T
Energy Saver+,Electricos y compactos,Verano,B,B,68,2,195,55,R,15,85,V
Energy Saver+,Electricos y compactos,Verano,B,B,68,2,185,55,R,15,82,H
Energy Saver+,Electricos y compactos,Verano,B,B,68,2,205,60,R,15,91,V
Energy Saver+,Electricos y compactos,Verano,B,B,68,2,205,60,R,15,91,H
Energy Saver+,Electricos y compactos,Verano,B,B,68,2,195,60,R,15,88,V
Energy Saver+,Electricos y compactos,Verano,B,B,68,2,195,60,R,15,88,T
Energy Saver+,Electricos y compactos,Verano,B,B,68,2,195,60,R,15,88,H
Energy Saver+,Electricos y compactos,Verano,B,B,68,2,195,60,R,15,88,V
Energy Saver+,Electricos y compactos,Verano,B,B,68,2,185,60,R,15,84,T
Energy Saver+,Electricos y compactos,Verano,B,B,68,2,215,65,R,15,96,H
Energy Saver+,Electricos y compactos,Verano,B,B,68,2,205,65,R,15,94,V
Energy Saver+,Electricos y compactos,Verano,B,B,68,2,195,65,R,15,91,V
Energy Saver+,Electricos y compactos,Verano,B,B,68,2,185,65,R,15,88,T
Energy Saver+,Electricos y compactos,Verano,B,B,68,2,175,65,R,15,84,H
Energy Saver+,Electricos y compactos,Verano,B,B,68,2,165,65,R,15,81,T
Energy Saver+,Electricos y compactos,Verano,B,B,68,2,185,55,R,14,80,H
Energy Saver+,Electricos y compactos,Verano,B,B,68,2,185,60,R,14,82,H
Energy Saver+,Electricos y compactos,Verano,B,B,68,2,185,65,R,14,86,T
Energy Saver+,Electricos y compactos,Verano,B,B,68,2,175,65,R,14,82,T
Energy Saver+,Electricos y compactos,Verano,B,B,68,2,165,65,R,14,79,T
Energy Saver+,Electricos y compactos,Verano,B,B,68,2,195,70,R,14,91,T
Energy Saver+,Electricos y compactos,Verano,B,B,68,2,185,70,R,14,88,T
Energy Saver+,Electricos y compactos,Verano,B,B,68,2,175,70,R,14,84,T
Energy Saver+,Electricos y compactos,Verano,B,B,68,2,165,70,R,14,81,T
Primacy 4,"Electricos y compactos, Berlina, Sport, SUV Compacto, SUV Medio",Verano,B,B,68,1,225,40,R,18,92,Y
Primacy 4,"Electricos y compactos, Berlina, Sport, SUV Compacto, SUV Medio",Verano,B,B,68,1,255,45,R,18,99,Y
Primacy 4,"Electricos y compactos, Berlina, Sport, SUV Compacto, SUV Medio",Verano,B,B,68,1,245,45,R,18,100,W
Primacy 4,"Electricos y compactos, Berlina, Sport, SUV Compacto, SUV Medio",Verano,B,B,68,1,235,45,R,18,98,Y
Primacy 4,"Electricos y compactos, Berlina, Sport, SUV Compacto, SUV Medio",Verano,B,B,68,1,225,45,R,18,95,Y
Primacy 4,"Electricos y compactos, Berlina, Sport, SUV Compacto, SUV Medio",Verano,B,B,68,1,235,50,R,18,101,Y
Primacy 4,"Electricos y compactos, Berlina, Sport, SUV Compacto, SUV Medio",Verano,B,B,68,1,225,50,R,18,99,W
Primacy 4,"Electricos y compactos, Berlina, Sport, SUV Compacto, SUV Medio",Verano,B,B,68,1,235,55,R,18,100,V
Primacy 4,"Electricos y compactos, Berlina, Sport, SUV Compacto, SUV Medio",Verano,B,B,68,1,225,55,R,18,102,Y
Primacy 4,"Electricos y compactos, Berlina, Sport, SUV Compacto, SUV Medio",Verano,B,B,68,1,215,55,R,18,99,V
Primacy 4,"Electricos y compactos, Berlina, Sport, SUV Compacto, SUV Medio",Verano,B,B,68,1,245,45,R,17,99,Y
Primacy 4,"Electricos y compactos, Berlina, Sport, SUV Compacto, SUV Medio",Verano,B,B,68,1,235,45,R,17,97,W
Primacy 4,"Electricos y compactos, Berlina, Sport, SUV Compacto, SUV Medio",Verano,B,B,68,1,225,45,R,17,94,W
Primacy 4,"Electricos y compactos, Berlina, Sport, SUV Compacto, SUV Medio",Verano,B,B,68,1,215,45,R,17,87,W
Primacy 4,"Electricos y compactos, Berlina, Sport, SUV Compacto, SUV Medio",Verano,B,B,68,1,225,50,R,17,98,Y
Primacy 4,"Electricos y compactos, Berlina, Sport, SUV Compacto, SUV Medio",Verano,B,B,68,1,215,50,R,17,95,W
Primacy 4,"Electricos y compactos, Berlina, Sport, SUV Compacto, SUV Medio",Verano,B,B,68,1,205,50,R,17,93,W
Primacy 4,"Electricos y compactos, Berlina, Sport, SUV Compacto, SUV Medio",Verano,B,B,68,1,235,55,R,17,103,Y
Primacy 4,"Electricos y compactos, Berlina, Sport, SUV Compacto, SUV Medio",Verano,B,B,68,1,225,55,R,17,101,W
Primacy 4,"Electricos y compactos, Berlina, Sport, SUV Compacto, SUV Medio",Verano,B,B,68,1,215,55,R,17,94,W
Primacy 4,"Electricos y compactos, Berlina, Sport, SUV Compacto, SUV Medio",Verano,B,B,68,1,205,55,R,17,95,V
Primacy 4,"Electricos y compactos, Berlina, Sport, SUV Compacto, SUV Medio",Verano,B,B,68,1,225,60,R,17,99,V
Primacy 4,"Electricos y compactos, Berlina, Sport, SUV Compacto, SUV Medio",Verano,B,B,68,1,215,60,R,17,96,V
Primacy 4,"Electricos y compactos, Berlina, Sport, SUV Compacto, SUV Medio",Verano,B,B,68,1,205,45,R,16,83,W
Primacy 4,"Electricos y compactos, Berlina, Sport, SUV Compacto, SUV Medio",Verano,B,B,68,1,225,50,R,16,92,W
Primacy 4,"Electricos y compactos, Berlina, Sport, SUV Compacto, SUV Medio",Verano,B,B,68,1,215,55,R,16,97,W
Primacy 4,"Electricos y compactos, Berlina, Sport, SUV Compacto, SUV Medio",Verano,B,B,68,1,205,55,R,16,94,V
Primacy 4,"Electricos y compactos, Berlina, Sport, SUV Compacto, SUV Medio",Verano,B,B,68,1,195,55,R,16,91,V
Primacy 4,"Electricos y compactos, Berlina, Sport, SUV Compacto, SUV Medio",Verano,B,B,68,1,215,60,R,16,99,V
Primacy 4,"Electricos y compactos, Berlina, Sport, SUV Compacto, SUV Medio",Verano,B,B,68,1,205,60,R,16,96,W
Primacy 4,"Electricos y compactos, Berlina, Sport, SUV Compacto, SUV Medio",Verano,B,B,68,1,195,65,R,16,92,V
Primacy 4,"Electricos y compactos, Berlina, Sport, SUV Compacto, SUV Medio",Verano,B,B,68,1,185,60,R,15,84,H
Primacy 4,"Electricos y compactos, Berlina, Sport, SUV Compacto, SUV Medio",Verano,B,B,68,1,195,65,R,15,91,H
Pilot Sport 4,"Berlina, Sport, SUV Compacto, SUV Medio",Verano,D,A,71,2,325,30,ZR,21,108,Y
Pilot Sport 4,"Berlina, Sport, SUV Compacto, SUV Medio",Verano,D,A,71,2,315,30,ZR,21,105,Y
Pilot Sport 4,"Berlina, Sport, SUV Compacto, SUV Medio",Verano,D,A,71,2,275,35,ZR,21,103,Y
Pilot Sport 4,"Berlina, Sport, SUV Compacto, SUV Medio",Verano,D,A,71,2,315,35,ZR,20,110,Y
Pilot Sport 4,"Berlina, Sport, SUV Compacto, SUV Medio",Verano,D,A,71,2,275,35,ZR,30,102,Y
Pilot Sport 4,"Berlina, Sport, SUV Compacto, SUV Medio",Verano,D,A,71,2,275,40,ZR,20,106,Y
Pilot Sport 4,"Berlina, Sport, SUV Compacto, SUV Medio",Verano,D,A,71,2,255,40,R,20,101,Y
Pilot Sport 4,"Berlina, Sport, SUV Compacto, SUV Medio",Verano,D,A,71,2,245,40,ZR,20,99,Y
Pilot Sport 4,"Berlina, Sport, SUV Compacto, SUV Medio",Verano,D,A,71,2,235,50,R,20,104,Y
Pilot Sport 4,"Berlina, Sport, SUV Compacto, SUV Medio",Verano,D,A,71,2,275,35,ZR,19,100,Y
Pilot Sport 4,"Berlina, Sport, SUV Compacto, SUV Medio",Verano,D,A,71,2,255,35,ZR,19,96,Y
Pilot Sport 4,"Berlina, Sport, SUV Compacto, SUV Medio",Verano,D,A,71,2,235,35,ZR,19,87,Y
Pilot Sport 4,"Berlina, Sport, SUV Compacto, SUV Medio",Verano,D,A,71,2,295,40,ZR,19,108,Y
Pilot Sport 4,"Berlina, Sport, SUV Compacto, SUV Medio",Verano,D,A,71,2,255,40,ZR,19,100,Y
Pilot Sport 4,"Berlina, Sport, SUV Compacto, SUV Medio",Verano,D,A,71,2,245,40,ZR,19,98,Y
Pilot Sport 4,"Berlina, Sport, SUV Compacto, SUV Medio",Verano,D,A,71,2,235,40,ZR,19,96,Y
Pilot Sport 4,"Berlina, Sport, SUV Compacto, SUV Medio",Verano,D,A,71,2,225,40,ZR,19,93,Y
Pilot Sport 4,"Berlina, Sport, SUV Compacto, SUV Medio",Verano,D,A,71,2,265,45,ZR,19,105,Y
Pilot Sport 4,"Berlina, Sport, SUV Compacto, SUV Medio",Verano,D,A,71,2,255,45,R,19,104,Y
Pilot Sport 4,"Berlina, Sport, SUV Compacto, SUV Medio",Verano,D,A,71,2,245,45,ZR,19,102,Y
Pilot Sport 4,"Berlina, Sport, SUV Compacto, SUV Medio",Verano,D,A,71,2,235,45,ZR,19,99,Y
Pilot Sport 4,"Berlina, Sport, SUV Compacto, SUV Medio",Verano,D,A,71,2,225,45,ZR,19,96,W
Pilot Sport 4,"Berlina, Sport, SUV Compacto, SUV Medio",Verano,D,A,71,2,275,35,ZR,18,99,Y
Pilot Sport 4,"Berlina, Sport, SUV Compacto, SUV Medio",Verano,D,A,71,2,265,35,ZR,18,97,Y
Pilot Sport 4,"Berlina, Sport, SUV Compacto, SUV Medio",Verano,D,A,71,2,255,35,ZR,18,94,Y
Pilot Sport 4,"Berlina, Sport, SUV Compacto, SUV Medio",Verano,D,A,71,2,245,35,ZR,18,92,Y
Pilot Sport 4,"Berlina, Sport, SUV Compacto, SUV Medio",Verano,D,A,71,2,255,40,ZR,18,99,Y
Pilot Sport 4,"Berlina, Sport, SUV Compacto, SUV Medio",Verano,D,A,71,2,245,40,ZR,18,97,Y
Pilot Sport 4,"Berlina, Sport, SUV Compacto, SUV Medio",Verano,D,A,71,2,235,40,ZR,18,95,Y
Pilot Sport 4,"Berlina, Sport, SUV Compacto, SUV Medio",Verano,D,A,71,2,225,40,ZR,18,92,Y
Pilot Sport 4,"Berlina, Sport, SUV Compacto, SUV Medio",Verano,D,A,71,2,215,40,ZR,18,89,Y
Pilot Sport 4,"Berlina, Sport, SUV Compacto, SUV Medio",Verano,D,A,71,2,205,40,ZR,18,86,Y
Pilot Sport 4,"Berlina, Sport, SUV Compacto, SUV Medio",Verano,D,A,71,2,255,45,ZR,18,103,Y
Pilot Sport 4,"Berlina, Sport, SUV Compacto, SUV Medio",Verano,D,A,71,2,245,45,ZR,18,100,Y
Pilot Sport 4,"Berlina, Sport, SUV Compacto, SUV Medio",Verano,D,A,71,2,235,45,ZR,18,98,Y
Pilot Sport 4,"Berlina, Sport, SUV Compacto, SUV Medio",Verano,D,A,71,2,225,45,ZR,18,95,Y
Pilot Sport 4,"Berlina, Sport, SUV Compacto, SUV Medio",Verano,D,A,71,2,215,45,ZR,18,93,Y
Pilot Sport 4,"Berlina, Sport, SUV Compacto, SUV Medio",Verano,D,A,71,2,255,40,ZR,17,98,Y
Pilot Sport 4,"Berlina, Sport, SUV Compacto, SUV Medio",Verano,D,A,71,2,245,40,ZR,17,95,Y
Pilot Sport 4,"Berlina, Sport, SUV Compacto, SUV Medio",Verano,D,A,71,2,215,40,ZR,17,87,Y
Pilot Sport 4,"Berlina, Sport, SUV Compacto, SUV Medio",Verano,D,A,71,2,205,40,ZR,17,84,Y
Pilot Sport 4,"Berlina, Sport, SUV Compacto, SUV Medio",Verano,D,A,71,2,245,45,ZR,17,99,Y
Pilot Sport 4,"Berlina, Sport, SUV Compacto, SUV Medio",Verano,D,A,71,2,235,45,ZR,17,97,Y
Pilot Sport 4,"Berlina, Sport, SUV Compacto, SUV Medio",Verano,D,A,71,2,225,45,ZR,17,94,Y
Pilot Sport 4,"Berlina, Sport, SUV Compacto, SUV Medio",Verano,D,A,71,2,215,45,ZR,17,91,Y
Pilot Sport 4,"Berlina, Sport, SUV Compacto, SUV Medio",Verano,D,A,71,2,205,45,ZR,17,88,Y
Pilot Sport 4,"Berlina, Sport, SUV Compacto, SUV Medio",Verano,D,A,71,2,225,50,ZR,17,98,Y
Pilot Sport 4,"Berlina, Sport, SUV Compacto, SUV Medio",Verano,D,A,71,2,215,50,ZR,17,95,Y
Pilot Sport 4,"Berlina, Sport, SUV Compacto, SUV Medio",Verano,D,A,71,2,205,50,ZR,17,93,Y
Pilot Sport 4,"Berlina, Sport, SUV Compacto, SUV Medio",Verano,D,A,71,2,225,55,ZR,17,101,Y
Pilot Sport 4,"Berlina, Sport, SUV Compacto, SUV Medio",Verano,D,A,71,2,215,55,ZR,17,98,Y
Pilot Sport 4,"Berlina, Sport, SUV Compacto, SUV Medio",Verano,D,A,71,2,205,55,ZR,16,94,Y
Pilot Sport 4S,"Sport, Sport Altas Prestaciones, SUV Compacto",Verano,D,A,72,2,295,25,ZR,22,97,Y
Pilot Sport 4S,"Sport, Sport Altas Prestaciones, SUV Compacto",Verano,D,A,72,2,315,30,ZR,22,107,Y
Pilot Sport 4S,"Sport, Sport Altas Prestaciones, SUV Compacto",Verano,D,A,72,2,255,30,ZR,22,95,Y
Pilot Sport 4S,"Sport, Sport Altas Prestaciones, SUV Compacto",Verano,D,A,72,2,285,35,ZR,22,106,Y
Pilot Sport 4S,"Sport, Sport Altas Prestaciones, SUV Compacto",Verano,D,A,72,2,275,40,ZR,22,108,Y
Pilot Sport 4S,"Sport, Sport Altas Prestaciones, SUV Compacto",Verano,D,A,72,2,265,40,ZR,22,106,Y
Pilot Sport 4S,"Sport, Sport Altas Prestaciones, SUV Compacto",Verano,D,A,72,2,355,25,ZR,21,107,Y
Pilot Sport 4S,"Sport, Sport Altas Prestaciones, SUV Compacto",Verano,D,A,72,2,325,25,ZR,21,102,Y
Pilot Sport 4S,"Sport, Sport Altas Prestaciones, SUV Compacto",Verano,D,A,72,2,305,25,ZR,21,98,Y
Pilot Sport 4S,"Sport, Sport Altas Prestaciones, SUV Compacto",Verano,D,A,72,2,295,25,ZR,21,96,Y
Pilot Sport 4S,"Sport, Sport Altas Prestaciones, SUV Compacto",Verano,D,A,72,2,315,30,ZR,21,105,Y
Pilot Sport 4S,"Sport, Sport Altas Prestaciones, SUV Compacto",Verano,D,A,72,2,295,30,ZR,21,102,Y
Pilot Sport 4S,"Sport, Sport Altas Prestaciones, SUV Compacto",Verano,D,A,72,2,275,30,ZR,21,98,Y
Pilot Sport 4S,"Sport, Sport Altas Prestaciones, SUV Compacto",Verano,D,A,72,2,265,30,ZR,21,96,Y
Pilot Sport 4S,"Sport, Sport Altas Prestaciones, SUV Compacto",Verano,D,A,72,2,255,30,ZR,21,93,Y
Pilot Sport 4S,"Sport, Sport Altas Prestaciones, SUV Compacto",Verano,D,A,72,2,245,30,ZR,21,91,Y
Pilot Sport 4S,"Sport, Sport Altas Prestaciones, SUV Compacto",Verano,D,A,72,2,295,35,ZR,21,107,Y
Pilot Sport 4S,"Sport, Sport Altas Prestaciones, SUV Compacto",Verano,D,A,72,2,275,35,ZR,21,103,Y
Pilot Sport 4S,"Sport, Sport Altas Prestaciones, SUV Compacto",Verano,D,A,72,2,255,35,ZR,21,98,Y
Pilot Sport 4S,"Sport, Sport Altas Prestaciones, SUV Compacto",Verano,D,A,72,2,245,35,ZR,21,96,Y
Pilot Sport 4S,"Sport, Sport Altas Prestaciones, SUV Compacto",Verano,D,A,72,2,265,40,ZR,21,105,Y
Pilot Sport 4S,"Sport, Sport Altas Prestaciones, SUV Compacto",Verano,D,A,72,2,325,25,ZR,20,101,Y
Pilot Sport 4S,"Sport, Sport Altas Prestaciones, SUV Compacto",Verano,D,A,72,2,305,25,ZR,20,97,Y
Pilot Sport 4S,"Sport, Sport Altas Prestaciones, SUV Compacto",Verano,D,A,72,2,295,25,ZR,20,95,Y
Pilot Sport 4S,"Sport, Sport Altas Prestaciones, SUV Compacto",Verano,D,A,72,2,285,25,ZR,20,93,Y
Pilot Sport 4S,"Sport, Sport Altas Prestaciones, SUV Compacto",Verano,D,A,72,2,345,30,ZR,20,106,Y
Pilot Sport 4S,"Sport, Sport Altas Prestaciones, SUV Compacto",Verano,D,A,72,2,305,30,ZR,20,103,Y
Pilot Sport 4S,"Sport, Sport Altas Prestaciones, SUV Compacto",Verano,D,A,72,2,295,30,ZR,20,101,Y
Pilot Sport 4S,"Sport, Sport Altas Prestaciones, SUV Compacto",Verano,D,A,72,2,285,30,ZR,20,99,Y
Pilot Sport 4S,"Sport, Sport Altas Prestaciones, SUV Compacto",Verano,D,A,72,2,275,30,ZR,20,97,Y
Pilot Sport 4S,"Sport, Sport Altas Prestaciones, SUV Compacto",Verano,D,A,72,2,265,30,ZR,20,94,Y
Pilot Sport 4S,"Sport, Sport Altas Prestaciones, SUV Compacto",Verano,D,A,72,2,255,30,ZR,20,92,Y
Pilot Sport 4S,"Sport, Sport Altas Prestaciones, SUV Compacto",Verano,D,A,72,2,245,30,ZR,20,90,Y
Pilot Sport 4S,"Sport, Sport Altas Prestaciones, SUV Compacto",Verano,D,A,72,2,235,30,ZR,20,88,Y
Pilot Sport 4S,"Sport, Sport Altas Prestaciones, SUV Compacto",Verano,D,A,72,2,315,35,ZR,20,110,Y
Pilot Sport 4S,"Sport, Sport Altas Prestaciones, SUV Compacto",Verano,D,A,72,2,305,35,ZR,20,104,Y
Pilot Sport 4S,"Sport, Sport Altas Prestaciones, SUV Compacto",Verano,D,A,72,2,295,35,ZR,20,105,Y
Pilot Sport 4S,"Sport, Sport Altas Prestaciones, SUV Compacto",Verano,D,A,72,2,285,35,ZR,20,104,Y
Pilot Sport 4S,"Sport, Sport Altas Prestaciones, SUV Compacto",Verano,D,A,72,2,275,35,ZR,20,102,Y
Pilot Sport 4S,"Sport, Sport Altas Prestaciones, SUV Compacto",Verano,D,A,72,2,265,35,ZR,20,99,Y
Pilot Sport 4S,"Sport, Sport Altas Prestaciones, SUV Compacto",Verano,D,A,72,2,255,35,ZR,20,97,Y
Pilot Sport 4S,"Sport, Sport Altas Prestaciones, SUV Compacto",Verano,D,A,72,2,245,35,ZR,20,95,Y
Pilot Sport 4S,"Sport, Sport Altas Prestaciones, SUV Compacto",Verano,D,A,72,2,235,35,ZR,20,92,Y
Pilot Sport 4S,"Sport, Sport Altas Prestaciones, SUV Compacto",Verano,D,A,72,2,225,35,ZR,20,90,Y
Pilot Sport 4S,"Sport, Sport Altas Prestaciones, SUV Compacto",Verano,D,A,72,2,275,40,ZR,20,106,Y
Pilot Sport 4S,"Sport, Sport Altas Prestaciones, SUV Compacto",Verano,D,A,72,2,265,40,ZR,20,104,Y
Pilot Sport 4S,"Sport, Sport Altas Prestaciones, SUV Compacto",Verano,D,A,72,2,255,40,ZR,20,101,Y
Pilot Sport 4S,"Sport, Sport Altas Prestaciones, SUV Compacto",Verano,D,A,72,2,245,40,ZR,20,99,Y
Pilot Sport 4S,"Sport, Sport Altas Prestaciones, SUV Compacto",Verano,D,A,72,2,255,45,ZR,20,105,Y
Pilot Sport 4S,"Sport, Sport Altas Prestaciones, SUV Compacto",Verano,D,A,72,2,245,45,ZR,20,103,Y
Pilot Sport 4S,"Sport, Sport Altas Prestaciones, SUV Compacto",Verano,D,A,72,2,235,45,ZR,20,100,Y
Pilot Sport 4S,"Sport, Sport Altas Prestaciones, SUV Compacto",Verano,D,A,72,2,325,30,ZR,19,105,Y
Pilot Sport 4S,"Sport, Sport Altas Prestaciones, SUV Compacto",Verano,D,A,72,2,305,30,ZR,19,102,Y
Pilot Sport 4S,"Sport, Sport Altas Prestaciones, SUV Compacto",Verano,D,A,72,2,295,30,ZR,19,100,Y
Pilot Sport 4S,"Sport, Sport Altas Prestaciones, SUV Compacto",Verano,D,A,72,2,275,30,ZR,19,96,Y
Pilot Sport 4S,"Sport, Sport Altas Prestaciones, SUV Compacto",Verano,D,A,72,2,265,30,ZR,19,93,Y
Pilot Sport 4S,"Sport, Sport Altas Prestaciones, SUV Compacto",Verano,D,A,72,2,255,30,ZR,19,91,Y
Pilot Sport 4S,"Sport, Sport Altas Prestaciones, SUV Compacto",Verano,D,A,72,2,245,30,ZR,19,89,Y
Pilot Sport 4S,"Sport, Sport Altas Prestaciones, SUV Compacto",Verano,D,A,72,2,295,35,ZR,19,104,Y
Pilot Sport 4S,"Sport, Sport Altas Prestaciones, SUV Compacto",Verano,D,A,72,2,285,35,ZR,19,103,Y
Pilot Sport 4S,"Sport, Sport Altas Prestaciones, SUV Compacto",Verano,D,A,72,2,275,35,ZR,19,100,Y
Pilot Sport 4S,"Sport, Sport Altas Prestaciones, SUV Compacto",Verano,D,A,72,2,265,35,ZR,19,98,Y
Pilot Sport 4S,"Sport, Sport Altas Prestaciones, SUV Compacto",Verano,D,A,72,2,255,35,ZR,19,96,Y
Pilot Sport 4S,"Sport, Sport Altas Prestaciones, SUV Compacto",Verano,D,A,72,2,245,35,ZR,19,93,Y
Pilot Sport 4S,"Sport, Sport Altas Prestaciones, SUV Compacto",Verano,D,A,72,2,235,35,ZR,19,91,Y
Pilot Sport 4S,"Sport, Sport Altas Prestaciones, SUV Compacto",Verano,D,A,72,2,225,35,ZR,19,88,Y
Pilot Sport 4S,"Sport, Sport Altas Prestaciones, SUV Compacto",Verano,D,A,72,2,275,40,ZR,19,105,Y
Pilot Sport 4S,"Sport, Sport Altas Prestaciones, SUV Compacto",Verano,D,A,72,2,265,40,ZR,19,102,Y
Pilot Sport 4S,"Sport, Sport Altas Prestaciones, SUV Compacto",Verano,D,A,72,2,255,40,ZR,19,100,Y
Pilot Sport 4S,"Sport, Sport Altas Prestaciones, SUV Compacto",Verano,D,A,72,2,235,40,ZR,19,96,Y
Pilot Sport 4S,"Sport, Sport Altas Prestaciones, SUV Compacto",Verano,D,A,72,2,225,40,ZR,19,93,Y
Pilot Sport 4S,"Sport, Sport Altas Prestaciones, SUV Compacto",Verano,D,A,72,2,255,45,R,19,104,Y
Pilot Sport 4S,"Sport, Sport Altas Prestaciones, SUV Compacto",Verano,D,A,72,2,225,45,ZR,19,96,Y
Pilot Sport Cup 2,Sport Altas Prestaciones,Verano,C,D,72,2,325,30,ZR,21,108,Y
Pilot Sport Cup 2,Sport Altas Prestaciones,Verano,C,D,72,2,315,30,ZR,21,105,Y
Pilot Sport Cup 2,Sport Altas Prestaciones,Verano,C,D,72,2,275,35,ZR,21,103,Y
Pilot Sport Cup 2,Sport Altas Prestaciones,Verano,C,D,72,2,325,25,ZR,20,101,Y
Pilot Sport Cup 2,Sport Altas Prestaciones,Verano,C,D,72,2,345,30,ZR,20,106,Y
Pilot Sport Cup 2,Sport Altas Prestaciones,Verano,C,D,72,2,325,30,ZR,20,106,Y
Pilot Sport Cup 2,Sport Altas Prestaciones,Verano,C,D,72,2,305,30,ZR,20,103,Y
Pilot Sport Cup 2,Sport Altas Prestaciones,Verano,C,D,72,2,295,30,ZR,20,101,Y
Pilot Sport Cup 2,Sport Altas Prestaciones,Verano,C,D,72,2,285,30,ZR,20,99,Y
Pilot Sport Cup 2,Sport Altas Prestaciones,Verano,C,D,72,2,245,30,ZR,20,90,Y
Pilot Sport Cup 2,Sport Altas Prestaciones,Verano,C,D,72,2,285,35,ZR,20,104,Y
Pilot Sport Cup 2,Sport Altas Prestaciones,Verano,C,D,72,2,265,35,ZR,20,99,Y
Pilot Sport Cup 2,Sport Altas Prestaciones,Verano,C,D,72,2,245,35,ZR,20,95,Y
Pilot Sport Cup 2,Sport Altas Prestaciones,Verano,C,D,72,2,255,40,ZR,20,101,Y
Pilot Sport Cup 2,Sport Altas Prestaciones,Verano,C,D,72,2,345,30,ZR,19,109,Y
Pilot Sport Cup 2,Sport Altas Prestaciones,Verano,C,D,72,2,325,30,ZR,19,105,Y
Pilot Sport Cup 2,Sport Altas Prestaciones,Verano,C,D,72,2,305,30,ZR,19,102,Y
Pilot Sport Cup 2,Sport Altas Prestaciones,Verano,C,D,72,2,295,30,ZR,19,100,Y
Pilot Sport Cup 2,Sport Altas Prestaciones,Verano,C,D,72,2,265,30,ZR,19,93,Y
Pilot Sport Cup 2,Sport Altas Prestaciones,Verano,C,D,72,2,285,35,ZR,19,103,Y
Pilot Sport Cup 2,Sport Altas Prestaciones,Verano,C,D,72,2,275,35,ZR,19,100,Y
Pilot Sport Cup 2,Sport Altas Prestaciones,Verano,C,D,72,2,265,35,ZR,19,98,Y
Pilot Sport Cup 2,Sport Altas Prestaciones,Verano,C,D,72,2,255,35,ZR,19,96,Y
Pilot Sport Cup 2,Sport Altas Prestaciones,Verano,C,D,72,2,245,35,ZR,19,93,Y
Pilot Sport Cup 2,Sport Altas Prestaciones,Verano,C,D,72,2,235,35,ZR,19,91,Y
Pilot Sport Cup 2,Sport Altas Prestaciones,Verano,C,D,72,2,265,40,ZR,19,102,Y
Pilot Sport Cup 2,Sport Altas Prestaciones,Verano,C,D,72,2,235,40,ZR,19,96,Y
Pilot Sport Cup 2,Sport Altas Prestaciones,Verano,C,D,72,2,295,30,ZR,18,98,Y
Pilot Sport Cup 2,Sport Altas Prestaciones,Verano,C,D,72,2,285,30,ZR,18,97,Y
Pilot Sport Cup 2,Sport Altas Prestaciones,Verano,C,D,72,2,265,35,ZR,18,97,Y
Pilot Sport Cup 2,Sport Altas Prestaciones,Verano,C,D,72,2,245,35,ZR,18,92,Y
Pilot Sport Cup 2,Sport Altas Prestaciones,Verano,C,D,72,2,245,40,ZR,18,97,Y
Pilot Sport Cup 2,Sport Altas Prestaciones,Verano,C,D,72,2,235,40,ZR,18,95,Y
Pilot Sport Cup 2,Sport Altas Prestaciones,Verano,C,D,72,2,225,40,ZR,18,92,Y
Pilot Sport Cup 2,Sport Altas Prestaciones,Verano,C,D,72,2,255,40,ZR,17,98,Y
Pilot Sport Cup 2,Sport Altas Prestaciones,Verano,C,D,72,2,225,45,ZR,17,94,Y
Pilot Sport Cup 2,Sport Altas Prestaciones,Verano,C,D,72,2,215,45,ZR,17,91,Y
Latitude Cross,"SUV Compacto, SUV Medio, SUV Grande",Verano,C,C,72,2,235,50,R,18,97,H
Latitude Cross,"SUV Compacto, SUV Medio, SUV Grande",Verano,C,C,72,2,255,55,R,18,109,V
Latitude Cross,"SUV Compacto, SUV Medio, SUV Grande",Verano,C,C,72,2,235,55,R,18,100,V
Latitude Cross,"SUV Compacto, SUV Medio, SUV Grande",Verano,C,C,72,2,265,60,R,18,110,H
Latitude Cross,"SUV Compacto, SUV Medio, SUV Grande",Verano,C,C,72,2,255,60,R,18,112,V
Latitude Cross,"SUV Compacto, SUV Medio, SUV Grande",Verano,C,C,72,2,235,60,R,18,107,V
Latitude Cross,"SUV Compacto, SUV Medio, SUV Grande",Verano,C,C,72,2,225,65,R,18,107,H
Latitude Cross,"SUV Compacto, SUV Medio, SUV Grande",Verano,C,C,72,2,235,55,R,17,103,H
Latitude Cross,"SUV Compacto, SUV Medio, SUV Grande",Verano,C,C,72,2,225,55,R,17,101,H
Latitude Cross,"SUV Compacto, SUV Medio, SUV Grande",Verano,C,C,72,2,215,60,R,17,100,H
Latitude Cross,"SUV Compacto, SUV Medio, SUV Grande",Verano,C,C,72,2,285,65,R,17,116,H
Latitude Cross,"SUV Compacto, SUV Medio, SUV Grande",Verano,C,C,72,2,265,65,R,17,112,H
Latitude Cross,"SUV Compacto, SUV Medio, SUV Grande",Verano,C,C,72,2,255,65,R,17,114,H
Latitude Cross,"SUV Compacto, SUV Medio, SUV Grande",Verano,C,C,72,2,245,65,R,17,111,H
Latitude Cross,"SUV Compacto, SUV Medio, SUV Grande",Verano,C,C,72,2,235,65,R,17,108,V
Latitude Cross,"SUV Compacto, SUV Medio, SUV Grande",Verano,C,C,72,2,225,65,R,17,102,H
Latitude Cross,"SUV Compacto, SUV Medio, SUV Grande",Verano,C,C,72,2,265,70,R,17,115,T
Latitude Cross,"SUV Compacto, SUV Medio, SUV Grande",Verano,C,C,72,2,245,70,R,17,114,T
Latitude Cross,"SUV Compacto, SUV Medio, SUV Grande",Verano,C,C,72,2,225,70,R,17,108,T
Latitude Sport 3,SUV Grande,Verano,C,A,73,1,295,35,ZR,21,107,Y
Latitude Sport 3,SUV Grande,Verano,C,A,73,1,315,40,R,21,111,Y
Latitude Sport 3,SUV Grande,Verano,C,A,73,1,265,40,R,21,105,Y
Latitude Sport 3,SUV Grande,Verano,C,A,73,1,255,40,R,21,102,Y
Latitude Sport 3,SUV Grande,Verano,C,A,73,1,275,45,R,21,107,Y
Latitude Sport 3,SUV Grande,Verano,C,A,73,1,315,35,R,20,110,W
Latitude Sport 3,SUV Grande,Verano,C,A,73,1,295,40,R,20,110,Y
Latitude Sport 3,SUV Grande,Verano,C,A,73,1,285,40,ZR,20,108,Y
Latitude Sport 3,SUV Grande,Verano,C,A,73,1,275,40,R,20,106,Y
Latitude Sport 3,SUV Grande,Verano,C,A,73,1,295,45,R,20,110,Y
Latitude Sport 3,SUV Grande,Verano,C,A,73,1,275,45,R,20,110,Y
Latitude Sport 3,SUV Grande,Verano,C,A,73,1,265,45,R,20,104,Y
Latitude Sport 3,SUV Grande,Verano,C,A,73,1,255,45,ZR,20,105,Y
Latitude Sport 3,SUV Grande,Verano,C,A,73,1,245,45,R,20,103,W
Latitude Sport 3,SUV Grande,Verano,C,A,73,1,275,50,R,20,113,W
Latitude Sport 3,SUV Grande,Verano,C,A,73,1,265,50,R,20,111,Y
Latitude Sport 3,SUV Grande,Verano,C,A,73,1,255,50,R,20,109,Y
Latitude Sport 3,SUV Grande,Verano,C,A,73,1,245,50,R,20,102,V
Latitude Sport 3,SUV Grande,Verano,C,A,73,1,295,45,R,19,113,Y
Latitude Sport 3,SUV Grande,Verano,C,A,73,1,285,45,R,19,111,W
Latitude Sport 3,SUV Grande,Verano,C,A,73,1,275,45,R,19,108,Y
Latitude Sport 3,SUV Grande,Verano,C,A,73,1,255,45,R,19,100,V
Latitude Sport 3,SUV Grande,Verano,C,A,73,1,275,50,ZR,19,112,Y
Latitude Sport 3,SUV Grande,Verano,C,A,73,1,265,50,R,19,110,Y
Latitude Sport 3,SUV Grande,Verano,C,A,73,1,255,50,R,19,107,W
Latitude Sport 3,SUV Grande,Verano,C,A,73,1,245,50,R,19,105,W
Latitude Sport 3,SUV Grande,Verano,C,A,73,1,235,50,R,19,99,W
Latitude Sport 3,SUV Grande,Verano,C,A,73,1,235,50,R,19,99,V
Latitude Sport 3,SUV Grande,Verano,C,A,73,1,255,55,ZR,19,111,Y
Latitude Sport 3,SUV Grande,Verano,C,A,73,1,235,55,R,19,105,V
Latitude Sport 3,SUV Grande,Verano,C,A,73,1,225,55,R,19,99,V
Latitude Sport 3,SUV Grande,Verano,C,A,73,1,235,65,R,19,109,V
Latitude Sport 3,SUV Grande,Verano,C,A,73,1,285,55,R,18,113,V
Latitude Sport 3,SUV Grande,Verano,C,A,73,1,255,55,R,18,109,Y
Latitude Sport 3,SUV Grande,Verano,C,A,73,1,235,55,R,18,104,V
Latitude Sport 3,SUV Grande,Verano,C,A,73,1,255,60,R,18,112,V
Latitude Sport 3,SUV Grande,Verano,C,A,73,1,245,60,R,18,105,H
Latitude Sport 3,SUV Grande,Verano,C,A,73,1,235,60,R,18,107,W
Latitude Sport 3,SUV Grande,Verano,C,A,73,1,225,60,R,18,100,V
Latitude Sport 3,SUV Grande,Verano,C,A,73,1,235,65,R,18,110,H
Latitude Sport 3,SUV Grande,Verano,C,A,73,1,275,55,R,17,109,V
Latitude Sport 3,SUV Grande,Verano,C,A,73,1,255,55,R,17,104,V
Latitude Sport 3,SUV Grande,Verano,C,A,73,1,255,60,R,17,106,V
Latitude Sport 3,SUV Grande,Verano,C,A,73,1,235,60,R,17,102,V
Latitude Sport 3,SUV Grande,Verano,C,A,73,1,235,65,R,17,108,V
Latitude Sport 3,SUV Grande,Verano,C,A,73,1,225,65,R,17,106,V
Agilis+,Vehiculos Comerciales,Verano,C,A,71,2,225,55,R,17,104,H
Agilis+,Vehiculos Comerciales,Verano,C,A,71,2,235,60,R,17,117,S
Agilis+,Vehiculos Comerciales,Verano,C,A,71,2,235,60,R,17,115,R
Agilis+,Vehiculos Comerciales,Verano,C,A,71,2,215,60,R,17,109,T
Agilis+,Vehiculos Comerciales,Verano,C,A,71,2,215,60,R,17,104,H
Agilis+,Vehiculos Comerciales,Verano,C,A,71,2,235,65,R,16,121,R
Agilis+,Vehiculos Comerciales,Verano,C,A,71,2,235,65,R,16,115,R
Agilis+,Vehiculos Comerciales,Verano,C,A,71,2,225,65,R,16,112,R
Agilis+,Vehiculos Comerciales,Verano,C,A,71,2,215,65,R,16,109,T
Agilis+,Vehiculos Comerciales,Verano,C,A,71,2,205,65,R,16,107,T
Agilis+,Vehiculos Comerciales,Verano,C,A,71,2,195,65,R,16,104,R
Agilis+,Vehiculos Comerciales,Verano,C,A,71,2,225,75,R,16,121,R
Agilis+,Vehiculos Comerciales,Verano,C,A,71,2,215,75,R,16,116,R
Agilis+,Vehiculos Comerciales,Verano,C,A,71,2,205,75,R,16,113,R
Agilis+,Vehiculos Comerciales,Verano,C,A,71,2,205,75,R,16,110,R
Agilis+,Vehiculos Comerciales,Verano,C,A,71,2,195,75,R,16,110,R
Agilis+,Vehiculos Comerciales,Verano,C,A,71,2,185,75,R,16,104,R
Agilis+,Vehiculos Comerciales,Verano,C,A,71,2,225,70,R,15,112,S
Agilis+,Vehiculos Comerciales,Verano,C,A,71,2,215,70,R,15,109,S
Agilis+,Vehiculos Comerciales,Verano,C,A,71,2,205,70,R,15,106,R
Agilis+,Vehiculos Comerciales,Verano,C,A,71,2,195,70,R,15,104,R
CrossClimate+,"Electricos y compactos, Berlina, Sport, SUV Compacto, SUV Medio",All Season,B,B,68,2,255,35,R,19,96,Y
CrossClimate+,"Electricos y compactos, Berlina, Sport, SUV Compacto, SUV Medio",All Season,B,B,68,2,245,40,R,18,97,Y
CrossClimate+,"Electricos y compactos, Berlina, Sport, SUV Compacto, SUV Medio",All Season,B,B,68,2,245,45,R,18,100,Y
CrossClimate+,"Electricos y compactos, Berlina, Sport, SUV Compacto, SUV Medio",All Season,B,B,68,2,235,50,R,18,101,Y
CrossClimate+,"Electricos y compactos, Berlina, Sport, SUV Compacto, SUV Medio",All Season,B,B,68,2,245,45,R,17,99,Y
CrossClimate+,"Electricos y compactos, Berlina, Sport, SUV Compacto, SUV Medio",All Season,B,B,68,2,225,45,R,17,91,W
CrossClimate+,"Electricos y compactos, Berlina, Sport, SUV Compacto, SUV Medio",All Season,B,B,68,2,225,55,R,17,98,V
CrossClimate+,"Electricos y compactos, Berlina, Sport, SUV Compacto, SUV Medio",All Season,B,B,68,2,235,55,R,17,103,Y
CrossClimate+,"Electricos y compactos, Berlina, Sport, SUV Compacto, SUV Medio",All Season,B,B,68,2,215,55,R,17,95,V
CrossClimate+,"Electricos y compactos, Berlina, Sport, SUV Compacto, SUV Medio",All Season,B,B,68,2,225,60,R,17,103,V
CrossClimate+,"Electricos y compactos, Berlina, Sport, SUV Compacto, SUV Medio",All Season,B,B,68,2,215,65,R,17,103,V
CrossClimate+,"Electricos y compactos, Berlina, Sport, SUV Compacto, SUV Medio",All Season,B,B,68,2,225,55,R,16,99,W
CrossClimate+,"Electricos y compactos, Berlina, Sport, SUV Compacto, SUV Medio",All Season,B,B,68,2,205,55,R,16,91,H
CrossClimate+,"Electricos y compactos, Berlina, Sport, SUV Compacto, SUV Medio",All Season,B,B,68,2,225,60,R,16,102,W
CrossClimate+,"Electricos y compactos, Berlina, Sport, SUV Compacto, SUV Medio",All Season,B,B,68,2,195,60,R,16,93,V
CrossClimate+,"Electricos y compactos, Berlina, Sport, SUV Compacto, SUV Medio",All Season,B,B,68,2,215,65,R,16,102,V
CrossClimate+,"Electricos y compactos, Berlina, Sport, SUV Compacto, SUV Medio",All Season,B,B,68,2,195,55,R,15,89,V
CrossClimate+,"Electricos y compactos, Berlina, Sport, SUV Compacto, SUV Medio",All Season,B,B,68,2,205,60,R,15,95,V
CrossClimate+,"Electricos y compactos, Berlina, Sport, SUV Compacto, SUV Medio",All Season,B,B,68,2,195,65,R,15,95,V
CrossClimate+,"Electricos y compactos, Berlina, Sport, SUV Compacto, SUV Medio",All Season,B,B,68,2,185,65,R,15,92,V
CrossClimate SUV,"SUV Medio, SUV Grande",All Season,B,B,69,1,275,45,R,20,110,Y
CrossClimate SUV,"SUV Medio, SUV Grande",All Season,B,B,69,1,245,45,R,20,103,V
CrossClimate SUV,"SUV Medio, SUV Grande",All Season,B,B,69,1,285,45,R,19,111,Y
CrossClimate SUV,"SUV Medio, SUV Grande",All Season,B,B,69,1,255,50,R,19,107,Y
CrossClimate SUV,"SUV Medio, SUV Grande",All Season,B,B,69,1,255,55,R,19,111,W
CrossClimate SUV,"SUV Medio, SUV Grande",All Season,B,B,69,1,235,50,R,18,101,V
CrossClimate SUV,"SUV Medio, SUV Grande",All Season,B,B,69,1,255,55,R,18,109,W
CrossClimate SUV,"SUV Medio, SUV Grande",All Season,B,B,69,1,225,55,R,18,98,V
CrossClimate SUV,"SUV Medio, SUV Grande",All Season,B,B,69,1,265,60,R,18,114,V
CrossClimate SUV,"SUV Medio, SUV Grande",All Season,B,B,69,1,255,60,R,18,112,V
CrossClimate SUV,"SUV Medio, SUV Grande",All Season,B,B,69,1,245,60,R,18,105,H
CrossClimate SUV,"SUV Medio, SUV Grande",All Season,B,B,69,1,235,60,R,18,103,V
CrossClimate SUV,"SUV Medio, SUV Grande",All Season,B,B,69,1,235,65,R,18,110,H
CrossClimate SUV,"SUV Medio, SUV Grande",All Season,B,B,69,1,235,55,R,17,103,V
CrossClimate SUV,"SUV Medio, SUV Grande",All Season,B,B,69,1,235,60,R,17,106,V
CrossClimate SUV,"SUV Medio, SUV Grande",All Season,B,B,69,1,265,65,R,17,112,H
CrossClimate SUV,"SUV Medio, SUV Grande",All Season,B,B,69,1,235,65,R,17,108,W
CrossClimate SUV,"SUV Medio, SUV Grande",All Season,B,B,69,1,235,60,R,16,104,V
CrossClimate SUV,"SUV Medio, SUV Grande",All Season,B,B,69,1,215,65,R,16,102,V
CrossClimate SUV,"SUV Medio, SUV Grande",All Season,B,B,69,1,215,70,R,16,100,H
Agilis CrossClimate,Vehiculos Comerciales,All Season,C,A,73,2,215,60,R,16,103,T
Agilis CrossClimate,Vehiculos Comerciales,All Season,C,A,73,2,235,65,R,16,121,R
Agilis CrossClimate,Vehiculos Comerciales,All Season,C,A,73,2,225,65,R,16,112,R
Agilis CrossClimate,Vehiculos Comerciales,All Season,C,A,73,2,215,65,R,16,109,T
Agilis CrossClimate,Vehiculos Comerciales,All Season,C,A,73,2,205,65,R,16,107,T
Agilis CrossClimate,Vehiculos Comerciales,All Season,C,A,73,2,195,65,R,16,104,R
Agilis CrossClimate,Vehiculos Comerciales,All Season,C,A,73,2,225,75,R,16,121,R
Agilis CrossClimate,Vehiculos Comerciales,All Season,C,A,73,2,225,75,R,16,118,R
Agilis CrossClimate,Vehiculos Comerciales,All Season,C,A,73,2,215,75,R,16,116,R
Agilis CrossClimate,Vehiculos Comerciales,All Season,C,A,73,2,215,75,R,16,113,R
Agilis CrossClimate,Vehiculos Comerciales,All Season,C,A,73,2,205,75,R,16,113,R
Agilis CrossClimate,Vehiculos Comerciales,All Season,C,A,73,2,195,75,R,16,110,R
Agilis CrossClimate,Vehiculos Comerciales,All Season,C,A,73,2,185,75,R,16,104,R
Agilis CrossClimate,Vehiculos Comerciales,All Season,C,A,73,2,215,65,R,15,104,T
Agilis CrossClimate,Vehiculos Comerciales,All Season,C,A,73,2,205,65,R,15,102,T
Agilis CrossClimate,Vehiculos Comerciales,All Season,C,A,73,2,225,70,R,15,112,S
Agilis CrossClimate,Vehiculos Comerciales,All Season,C,A,73,2,225,70,R,15,112,R
Agilis CrossClimate,Vehiculos Comerciales,All Season,C,A,73,2,215,70,R,15,109,S
Agilis CrossClimate,Vehiculos Comerciales,All Season,C,A,73,2,205,70,R,15,106,R
Agilis CrossClimate,Vehiculos Comerciales,All Season,C,A,73,2,195,70,R,15,104,T
Alpin 6,"Electricos y compactos, Berlina, SUV Compacto, SUV Medio",Invierno,C,B,69,2,215,40,R,17,87,V
Alpin 6,"Electricos y compactos, Berlina, SUV Compacto, SUV Medio",Invierno,C,B,69,2,225,45,R,17,94,V
Alpin 6,"Electricos y compactos, Berlina, SUV Compacto, SUV Medio",Invierno,C,B,69,2,215,45,R,17,91,V
Alpin 6,"Electricos y compactos, Berlina, SUV Compacto, SUV Medio",Invierno,C,B,69,2,205,45,R,17,88,V
Alpin 6,"Electricos y compactos, Berlina, SUV Compacto, SUV Medio",Invierno,C,B,69,2,225,50,R,17,98,V
Alpin 6,"Electricos y compactos, Berlina, SUV Compacto, SUV Medio",Invierno,C,B,69,2,215,55,R,17,98,V
Alpin 6,"Electricos y compactos, Berlina, SUV Compacto, SUV Medio",Invierno,C,B,69,2,205,55,R,17,95,V
Alpin 6,"Electricos y compactos, Berlina, SUV Compacto, SUV Medio",Invierno,C,B,69,2,205,45,R,16,87,H
Alpin 6,"Electricos y compactos, Berlina, SUV Compacto, SUV Medio",Invierno,C,B,69,2,195,45,R,16,84,H
Alpin 6,"Electricos y compactos, Berlina, SUV Compacto, SUV Medio",Invierno,C,B,69,2,225,50,R,16,96,H
Alpin 6,"Electricos y compactos, Berlina, SUV Compacto, SUV Medio",Invierno,C,B,69,2,185,50,R,16,81,H
Alpin 6,"Electricos y compactos, Berlina, SUV Compacto, SUV Medio",Invierno,C,B,69,2,225,55,R,16,99,H
Alpin 6,"Electricos y compactos, Berlina, SUV Compacto, SUV Medio",Invierno,C,B,69,2,215,55,R,16,93,H
Alpin 6,"Electricos y compactos, Berlina, SUV Compacto, SUV Medio",Invierno,C,B,69,2,205,55,R,16,94,V
Alpin 6,"Electricos y compactos, Berlina, SUV Compacto, SUV Medio",Invierno,C,B,69,2,205,55,R,16,91,T
Alpin 6,"Electricos y compactos, Berlina, SUV Compacto, SUV Medio",Invierno,C,B,69,2,205,55,,16,91,H
Alpin 6,"Electricos y compactos, Berlina, SUV Compacto, SUV Medio",Invierno,C,B,69,2,215,60,R,16,99,T
Alpin 6,"Electricos y compactos, Berlina, SUV Compacto, SUV Medio",Invierno,C,B,69,2,205,60,R,15,91,H
Alpin 6,"Electricos y compactos, Berlina, SUV Compacto, SUV Medio",Invierno,C,B,69,2,195,65,R,15,95,T
Alpin 6,"Electricos y compactos, Berlina, SUV Compacto, SUV Medio",Invierno,C,B,69,2,195,65,R,15,91,H
Pilot Alpin 5,"Berlina, Sport, Sport Altas Prestaciones, SUV Compacto, SUV Medio",Invierno,C,B,68,2,295,30,R,21,102,V
Pilot Alpin 5,"Berlina, Sport, Sport Altas Prestaciones, SUV Compacto, SUV Medio",Invierno,C,B,68,2,295,35,R,20,105,W
Pilot Alpin 5,"Berlina, Sport, Sport Altas Prestaciones, SUV Compacto, SUV Medio",Invierno,C,B,68,2,255,35,R,20,97,W
Pilot Alpin 5,"Berlina, Sport, Sport Altas Prestaciones, SUV Compacto, SUV Medio",Invierno,C,B,68,2,245,35,R,20,95,V
Pilot Alpin 5,"Berlina, Sport, Sport Altas Prestaciones, SUV Compacto, SUV Medio",Invierno,C,B,68,2,265,40,R,20,104,W
Pilot Alpin 5,"Berlina, Sport, Sport Altas Prestaciones, SUV Compacto, SUV Medio",Invierno,C,B,68,2,255,40,R,20,101,W
Pilot Alpin 5,"Berlina, Sport, Sport Altas Prestaciones, SUV Compacto, SUV Medio",Invierno,C,B,68,2,275,35,R,19,100,V
Pilot Alpin 5,"Berlina, Sport, Sport Altas Prestaciones, SUV Compacto, SUV Medio",Invierno,C,B,68,2,285,40,R,19,107,V
Pilot Alpin 5,"Berlina, Sport, Sport Altas Prestaciones, SUV Compacto, SUV Medio",Invierno,C,B,68,2,265,40,R,19,102,V
Pilot Alpin 5,"Berlina, Sport, Sport Altas Prestaciones, SUV Compacto, SUV Medio",Invierno,C,B,68,2,245,40,R,19,98,V
Pilot Alpin 5,"Berlina, Sport, Sport Altas Prestaciones, SUV Compacto, SUV Medio",Invierno,C,B,68,2,245,45,R,19,102,V
Pilot Alpin 5,"Berlina, Sport, Sport Altas Prestaciones, SUV Compacto, SUV Medio",Invierno,C,B,68,2,235,45,R,19,99,V
Pilot Alpin 5,"Berlina, Sport, Sport Altas Prestaciones, SUV Compacto, SUV Medio",Invierno,C,B,68,2,225,45,R,19,96,V
Pilot Alpin 5,"Berlina, Sport, Sport Altas Prestaciones, SUV Compacto, SUV Medio",Invierno,C,B,68,2,235,50,R,19,103,H
Pilot Alpin 5,"Berlina, Sport, Sport Altas Prestaciones, SUV Compacto, SUV Medio",Invierno,C,B,68,2,235,40,R,18,95,V
Pilot Alpin 5,"Berlina, Sport, Sport Altas Prestaciones, SUV Compacto, SUV Medio",Invierno,C,B,68,2,255,45,R,18,103,V
Pilot Alpin 5,"Berlina, Sport, Sport Altas Prestaciones, SUV Compacto, SUV Medio",Invierno,C,B,68,2,245,45,R,18,100,V
Pilot Alpin 5,"Berlina, Sport, Sport Altas Prestaciones, SUV Compacto, SUV Medio",Invierno,C,B,68,2,235,45,R,18,98,V
Pilot Alpin 5,"Berlina, Sport, Sport Altas Prestaciones, SUV Compacto, SUV Medio",Invierno,C,B,68,2,225,45,R,18,95,V
Pilot Alpin 5,"Berlina, Sport, Sport Altas Prestaciones, SUV Compacto, SUV Medio",Invierno,C,B,68,2,235,50,R,18,101,V
Pilot Alpin 5,"Berlina, Sport, Sport Altas Prestaciones, SUV Compacto, SUV Medio",Invierno,C,B,68,2,235,50,R,18,101,H
Pilot Alpin 5,"Berlina, Sport, Sport Altas Prestaciones, SUV Compacto, SUV Medio",Invierno,C,B,68,2,225,55,R,18,102,V
Pilot Alpin 5,"Berlina, Sport, Sport Altas Prestaciones, SUV Compacto, SUV Medio",Invierno,C,B,68,2,205,55,R,17,91,H
Pilot Alpin 5,"Berlina, Sport, Sport Altas Prestaciones, SUV Compacto, SUV Medio",Invierno,C,B,68,2,225,60,R,17,99,H
Pilot Alpin 5,"Berlina, Sport, Sport Altas Prestaciones, SUV Compacto, SUV Medio",Invierno,C,B,68,2,205,60,R,16,96,H
Pilot Alping 5 SUV,SUV Grande,Invierno,C,B,72,2,305,35,R,21,109,V
Pilot Alping 5 SUV,SUV Grande,Invierno,C,B,72,2,275,40,R,21,107,V
Pilot Alping 5 SUV,SUV Grande,Invierno,C,B,72,2,305,40,R,20,112,V
Pilot Alping 5 SUV,SUV Grande,Invierno,C,B,72,2,295,40,R,20,110,V
Pilot Alping 5 SUV,SUV Grande,Invierno,C,B,72,2,295,40,R,20,106,V
Pilot Alping 5 SUV,SUV Grande,Invierno,C,B,72,2,275,45,R,20,110,V
Pilot Alping 5 SUV,SUV Grande,Invierno,C,B,72,2,265,45,R,20,108,V
Pilot Alping 5 SUV,SUV Grande,Invierno,C,B,72,2,255,45,R,20,105,V
Pilot Alping 5 SUV,SUV Grande,Invierno,C,B,72,2,275,50,R,20,113,V
Pilot Alping 5 SUV,SUV Grande,Invierno,C,B,72,2,275,50,R,20,113,V
Pilot Alping 5 SUV,SUV Grande,Invierno,C,B,72,2,275,50,R,19,112,V
Pilot Alping 5 SUV,SUV Grande,Invierno,C,B,72,2,265,50,R,19,110,H
Pilot Alping 5 SUV,SUV Grande,Invierno,C,B,72,2,255,50,R,19,107,V
Pilot Alping 5 SUV,SUV Grande,Invierno,C,B,72,2,245,50,R,19,105,V
Pilot Alping 5 SUV,SUV Grande,Invierno,C,B,72,2,235,50,R,19,103,V
Pilot Alping 5 SUV,SUV Grande,Invierno,C,B,72,2,255,55,R,19,111,V
Pilot Alping 5 SUV,SUV Grande,Invierno,C,B,72,2,235,55,R,19,105,V
Pilot Alping 5 SUV,SUV Grande,Invierno,C,B,72,2,225,55,R,19,99,V
Pilot Alping 5 SUV,SUV Grande,Invierno,C,B,72,2,255,55,R,18,109,V
Pilot Alping 5 SUV,SUV Grande,Invierno,C,B,72,2,235,60,R,18,107,H
Pilot Alping 5 SUV,SUV Grande,Invierno,C,B,72,2,225,60,R,18,104,H
Pilot Alping 5 SUV,SUV Grande,Invierno,C,B,72,2,235,60,R,17,106,H
Pilot Alping 5 SUV,SUV Grande,Invierno,C,B,72,2,235,65,R,17,108,H
Pilot Alping 5 SUV,SUV Grande,Invierno,C,B,72,2,225,65,R,17,106,H
Agilis Alpin,Vehiculos Comerciales,Invierno,D,B,70,1,235,60,R,17,117,R
Agilis Alpin,Vehiculos Comerciales,Invierno,D,B,70,1,215,60,R,17,109,T
Agilis Alpin,Vehiculos Comerciales,Invierno,D,B,70,1,215,60,R,17,104,H
Agilis Alpin,Vehiculos Comerciales,Invierno,D,B,70,1,195,60,R,16,99,T
Agilis Alpin,Vehiculos Comerciales,Invierno,D,B,70,1,235,65,R,16,121,R
Agilis Alpin,Vehiculos Comerciales,Invierno,D,B,70,1,225,65,R,16,112,R
Agilis Alpin,Vehiculos Comerciales,Invierno,D,B,70,1,215,65,R,16,109,R
Agilis Alpin,Vehiculos Comerciales,Invierno,D,B,70,1,205,65,R,16,107,T
Agilis Alpin,Vehiculos Comerciales,Invierno,D,B,70,1,195,65,R,16,104,R
Agilis Alpin,Vehiculos Comerciales,Invierno,D,B,70,1,225,75,R,16,121,R
Agilis Alpin,Vehiculos Comerciales,Invierno,D,B,70,1,215,75,R,16,116,R
Agilis Alpin,Vehiculos Comerciales,Invierno,D,B,70,1,205,75,R,16,113,R
Agilis Alpin,Vehiculos Comerciales,Invierno,D,B,70,1,195,75,R,16,107,R
Agilis Alpin,Vehiculos Comerciales,Invierno,D,B,70,1,185,75,R,16,104,R
Agilis Alpin,Vehiculos Comerciales,Invierno,D,B,70,1,225,70,R,15,112,R
Agilis Alpin,Vehiculos Comerciales,Invierno,D,B,70,1,215,70,R,15,109,R
Agilis Alpin,Vehiculos Comerciales,Invierno,D,B,70,1,205,70,R,15,106,R
Agilis Alpin,Vehiculos Comerciales,Invierno,D,B,70,1,195,70,R,15,104,R
Agilis 51,Vehiculos Comerciales,Invierno,C,A,72,2,225,60,R,16,105,H
Agilis 51,Vehiculos Comerciales,Invierno,C,A,72,2,215,60,R,16,103,T
Agilis 51,Vehiculos Comerciales,Invierno,C,A,72,2,195,60,R,16,99,H
Agilis 51,Vehiculos Comerciales,Invierno,C,A,72,2,215,65,R,16,106,T
Agilis 51,Vehiculos Comerciales,Invierno,C,A,72,2,205,65,R,16,103,H
Agilis 51,Vehiculos Comerciales,Invierno,C,A,72,2,195,65,R,16,100,T
Agilis 51,Vehiculos Comerciales,Invierno,C,A,72,2,215,65,R,15,104,T
Agilis 51,Vehiculos Comerciales,Invierno,C,A,72,2,205,65,R,15,102,T
Agilis 51,Vehiculos Comerciales,Invierno,C,A,72,2,195,70,R,15,98,T
Agilis 51,Vehiculos Comerciales,Invierno,C,A,72,2,175,65,R,14,90,T
Agilis Camping,Vehiculos Comerciales,Invierno,C,B,70,2,225,65,R,16,112,Q
Agilis Camping,Vehiculos Comerciales,Invierno,C,B,70,2,225,75,R,16,118,R
Agilis Camping,Vehiculos Comerciales,Invierno,C,B,70,2,225,75,R,16,116,Q
Agilis Camping,Vehiculos Comerciales,Invierno,C,B,70,2,215,75,R,16,113,Q
Agilis Camping,Vehiculos Comerciales,Invierno,C,B,70,2,195,75,R,16,107,Q
Agilis Camping,Vehiculos Comerciales,Invierno,C,B,70,2,225,70,R,15,112,Q
Agilis Camping,Vehiculos Comerciales,Invierno,C,B,70,2,215,70,R,15,109,Q
4x4 Diamaris,Vehiculos Comerciales,All Season,C,B,71,2,275,40,R,20,106,Y
4x4 Diamaris,Vehiculos Comerciales,All Season,C,B,71,2,235,65,R,17,108,V
4x4 O/R XZL,Vehiculos Comerciales,All Season,G,B,78,3,205,80,R,16,106,N
Premier LTX,Vehiculos Comerciales,All Season,C,C,71,2,235,55,R,20,102,H
Premier LTX,Vehiculos Comerciales,All Season,C,C,71,2,235,65,R,18,106,H
XC4S Taxi,Vehiculos Comerciales,Invierno,E,B,71,2,175,80,R,16,98,Q
